winner,total_rocks,total_turn,ai_1_reflection,ai_2_reflection,ai_1_warning,ai_2_warning,player_1_capture,player_2_capture,value_weight,value_func_player,value_func_opponent
2,18,9,5057.102680206299,254.63199615478516,3,0,0,2,0.3,[0.4, 4.3, 0.7, 4.6, 2.6],[-2.3, -1.5, -3.2, -4.7, -2.0]
1,17,8,1426.4588356018066,259.4106197357178,1,0,0,0,0.3,[2.5, 4.3, 1.8, 2.5, 1.9],[-4.4, -1.3, -3.0, -2.3, -3.6]
2,52,26,8697.115659713745,1260.455846786499,6,0,4,10,0.1,[2.2, 4.9, 5.0, 2.9, 4.4],[-3.3, -4.6, -2.9, -3.2, -2.4]
1,17,8,1466.4313793182373,255.88703155517578,1,0,0,0,0.6,[2.2, 3.2, 3.0, 1.8, 1.1],[-3.3, -2.8, -4.5, -2.2, -2.2]
1,17,8,1272.8426456451416,246.3076114654541,1,0,0,0,0.9,[1.4, 3.6, 3.0, 4.1, 1.2],[-2.1, -2.7, -4.6, -3.9, -1.9]
1,35,17,5985.409259796143,575.7873058319092,5,0,2,4,0.4,[0.8, 2.7, 0.6, 3.1, 1.6],[-2.8, -2.4, -3.8, -3.0, -1.0]
1,55,27,9147.709846496582,1585.7465267181396,7,0,2,0,0.1,[1.6, 3.3, 4.8, 3.8, 3.9],[-3.4, -1.0, -4.9, -1.9, -4.6]
1,31,15,2642.6069736480713,1077.2926807403564,0,0,2,0,0.2,[2.4, 1.1, 3.7, 1.6, 1.0],[-0.3, -2.9, -3.0, -1.9, -0.3]
2,34,17,5841.307878494263,683.7522983551025,4,0,0,2,0.4,[3.4, 4.3, 0.7, 3.6, 2.3],[-1.7, -4.9, -0.9, -3.8, -1.8]
2,74,37,14269.890069961548,1756.129264831543,13,0,6,8,0.2,[1.9, 4.4, 1.7, 4.8, 2.8],[-2.7, -4.3, -1.8, -4.8, -3.9]
1,31,15,4399.246692657471,705.3837776184082,2,0,6,2,0.8,[1.8, 3.7, 0.6, 2.5, 4.9],[-3.8, -0.9, -2.8, -3.0, -3.5]
2,44,22,10841.99595451355,1248.1083869934082,8,0,0,10,0.8,[3.2, 3.9, 4.0, 2.9, 0.1],[-0.5, -4.0, -1.7, -1.5, -3.0]
1,35,17,4671.195030212402,890.2032375335693,2,0,4,2,0.1,[4.3, 0.1, 4.9, 4.1, 0.0],[-1.8, -2.9, -4.5, -4.0, -0.3]
1,57,28,11243.908166885376,1879.359245300293,9,0,6,0,0.0,[1.7, 4.7, 2.3, 3.8, 3.8],[-4.0, -3.3, -1.0, -2.0, -3.2]
1,37,18,5171.000242233276,1490.3697967529297,5,0,8,4,1.0,[1.4, 3.2, 4.7, 0.0, 1.9],[-3.5, -2.7, -2.3, -1.2, -3.5]
2,54,27,12843.213558197021,1661.1928939819336,10,0,0,8,0.4,[4.3, 4.4, 2.2, 1.4, 0.1],[-1.3, -3.8, -4.3, -1.3, -1.1]
1,17,8,1303.351879119873,270.9085941314697,1,0,0,0,0.5,[2.3, 0.5, 4.0, 0.3, 1.1],[-3.2, -4.2, -4.3, -2.2, -4.8]
2,44,22,9978.333473205566,1112.7281188964844,8,0,2,4,1.0,[1.8, 1.7, 4.0, 4.4, 2.3],[-0.9, -4.4, -1.3, -1.9, -2.1]
2,40,20,7683.349370956421,881.1380863189697,7,0,2,6,0.5,[4.3, 2.0, 3.9, 2.6, 0.3],[-2.4, -4.5, -4.9, -0.4, -4.3]
1,39,19,6753.052473068237,932.6088428497314,4,0,2,2,0.3,[2.0, 2.0, 3.4, 0.9, 5.0],[-2.9, -4.2, -2.6, -4.9, -1.7]
1,65,32,14143.983125686646,2528.247356414795,13,0,6,2,0.5,[1.1, 4.1, 3.8, 4.5, 1.4],[-4.9, -0.8, -3.5, -3.8, -1.3]
2,26,13,3717.768669128418,348.2551574707031,3,0,0,4,0.5,[4.6, 3.0, 4.8, 4.9, 4.2],[-1.5, -3.7, -1.5, -3.6, -2.5]
2,18,9,4877.665281295776,264.129638671875,3,0,0,2,0.5,[0.2, 4.2, 4.3, 0.5, 1.2],[-1.5, -1.5, -3.2, -3.9, -0.1]
1,57,28,9054.263353347778,3126.2946128845215,5,1,10,0,1.0,[0.2, 1.6, 1.0, 0.1, 3.0],[-0.5, -4.2, -2.5, -2.9, -1.8]
2,38,19,9992.940425872803,541.0165786743164,8,0,0,4,0.2,[1.3, 3.9, 0.6, 4.7, 3.9],[-1.9, -0.7, -2.3, -4.0, -4.7]
1,17,8,2315.333604812622,482.76591300964355,1,0,0,0,0.5,[2.0, 2.0, 1.6, 2.4, 0.7],[-2.2, -0.3, -3.0, -0.6, -1.3]
2,40,20,12662.326574325562,1318.6407089233398,11,0,0,6,0.3,[3.6, 3.3, 2.3, 2.2, 4.5],[-1.3, -4.5, -2.5, -4.8, -1.3]
2,46,23,18520.602464675903,1081.7768573760986,11,0,0,4,0.1,[4.1, 2.8, 0.9, 3.2, 1.7],[-1.4, -3.1, -1.2, -1.3, -3.9]
1,49,24,18099.862098693848,3124.2547035217285,10,0,8,0,1.0,[0.9, 0.9, 2.7, 2.8, 3.5],[-3.6, -0.9, -3.9, -3.0, -0.1]
1,57,28,18796.25630378723,4194.016456604004,14,1,6,2,0.8,[1.1, 4.6, 4.9, 3.4, 2.6],[-3.8, -2.7, -2.9, -1.5, -2.9]
1,43,21,15283.97822380066,3340.075969696045,14,2,4,0,0.8,[1.5, 2.3, 2.4, 2.6, 3.5],[-1.9, -4.1, -2.0, -1.0, -0.8]
2,18,9,6360.525369644165,496.66881561279297,6,0,0,2,0.3,[4.2, 3.3, 3.2, 2.0, 4.5],[-3.4, -4.2, -0.3, -1.1, -2.1]
1,43,21,10046.082496643066,2685.215473175049,9,1,6,4,0.3,[0.5, 2.4, 2.4, 3.7, 1.7],[-2.4, -3.6, -1.1, -4.9, -2.0]
1,17,8,2726.6931533813477,482.8357696533203,2,0,0,0,0.5,[3.8, 2.2, 0.8, 2.1, 1.8],[-3.8, -2.3, -2.1, -1.4, -2.8]
1,33,16,10011.713981628418,1235.212802886963,6,0,0,6,0.3,[4.6, 0.4, 0.8, 0.3, 0.9],[-2.2, -3.5, -1.9, -3.2, -4.0]
2,68,34,38198.009729385376,5357.004404067993,25,3,2,6,0.0,[2.5, 3.8, 4.3, 1.4, 3.9],[-2.8, -4.0, -1.6, -0.0, -4.3]
2,18,9,9809.523820877075,512.1850967407227,6,0,0,2,0.4,[0.6, 1.4, 0.5, 0.8, 3.7],[-1.8, -0.1, -2.0, -3.6, -2.0]
1,65,32,36247.95126914978,5864.42756652832,21,2,4,4,0.5,[2.6, 2.9, 3.0, 0.3, 0.9],[-0.9, -0.1, -4.9, -1.6, -3.1]
1,39,19,10766.765832901001,1192.0392513275146,11,0,0,0,0.9,[2.5, 4.7, 4.0, 0.6, 2.3],[-4.0, -2.8, -4.4, -1.5, -4.6]
1,27,13,5229.764461517334,2721.2862968444824,4,2,2,0,0.1,[0.1, 0.4, 3.3, 1.1, 2.6],[-1.3, -2.0, -1.3, -1.9, -2.7]
2,42,21,21118.9968585968,2325.897693634033,18,1,2,4,0.9,[3.6, 1.2, 1.6, 1.1, 0.7],[-2.7, -3.1, -4.0, -2.8, -1.9]
1,51,25,22972.873210906982,2904.1922092437744,14,0,4,2,0.7,[3.8, 0.5, 1.2, 3.8, 4.2],[-4.5, -5.0, -3.8, -1.0, -1.9]
2,70,35,45923.18248748779,8676.181316375732,24,4,2,6,0.3,[4.6, 3.0, 2.9, 3.6, 4.5],[-1.8, -0.1, -4.2, -2.0, -4.4]
1,23,11,2956.0980796813965,1378.908395767212,3,0,2,0,0.7,[0.8, 1.4, 0.9, 4.5, 1.8],[-3.4, -0.0, -2.8, -3.3, -3.8]
2,18,9,9695.988655090332,499.5694160461426,6,0,0,2,0.9,[0.4, 4.8, 4.7, 2.4, 1.7],[-0.9, -4.7, -0.8, -4.0, -2.5]
2,30,15,17525.15435218811,2075.908422470093,10,1,4,6,0.1,[0.5, 1.6, 2.2, 0.7, 2.9],[-0.4, -5.0, -4.1, -1.0, -1.9]
1,23,11,4619.011402130127,1222.3329544067383,4,0,2,0,0.1,[1.7, 0.0, 2.6, 4.5, 3.8],[-0.4, -2.7, -1.3, -3.9, -0.4]
2,18,9,7469.2065715789795,492.1760559082031,7,0,0,2,0.7,[2.8, 2.5, 0.5, 3.5, 4.0],[-2.8, -1.0, -0.3, -0.1, -0.5]
1,39,19,8848.51861000061,1185.0378513336182,9,0,0,0,0.2,[2.1, 1.7, 3.9, 3.7, 3.6],[-3.3, -0.6, -2.1, -2.5, -3.7]
1,31,15,8068.071126937866,1331.1131000518799,8,0,6,2,0.0,[1.5, 0.1, 0.2, 2.1, 4.3],[-3.6, -3.9, -1.2, -3.1, -2.9]
2,58,29,23388.810873031616,3875.8535385131836,18,1,2,2,0.9,[2.2, 2.9, 2.0, 0.6, 1.9],[-2.0, -3.4, -1.1, -4.4, -4.9]
1,41,20,14132.14921951294,3199.829339981079,11,2,10,6,0.8,[0.8, 0.2, 2.6, 4.5, 3.2],[-4.9, -2.8, -2.6, -0.9, -2.4]
1,37,18,12692.969560623169,1563.265323638916,11,0,0,2,0.3,[2.3, 1.4, 1.7, 1.9, 3.8],[-1.8, -2.9, -3.1, -2.0, -0.0]
1,73,36,44547.394037246704,4424.938440322876,23,0,4,4,0.4,[2.4, 0.6, 4.3, 0.2, 1.7],[-0.9, -1.3, -3.6, -0.5, -3.3]
1,35,17,5556.006193161011,8696.670770645142,3,7,8,0,0.3,[0.1, 1.1, 2.8, 3.4, 4.5],[-0.2, -2.3, -1.6, -1.3, -0.7]
1,17,8,2493.3974742889404,457.26609230041504,2,0,0,0,0.2,[2.3, 3.3, 0.2, 3.0, 0.7],[-4.1, -1.1, -0.5, -2.7, -1.8]
1,67,33,33958.89210700989,7354.143142700195,21,4,6,6,0.9,[4.5, 2.9, 4.6, 2.1, 2.4],[-2.1, -0.6, -0.1, -3.0, -3.3]
1,33,16,9134.371280670166,1244.1480159759521,7,0,0,6,0.7,[3.5, 2.6, 0.9, 2.1, 2.2],[-1.4, -4.8, -3.7, -3.1, -2.2]
1,17,8,2435.30011177063,510.79416275024414,2,0,0,0,0.5,[2.1, 4.0, 1.1, 0.9, 0.8],[-3.1, -1.9, -3.1, -4.6, -3.5]
1,23,11,3780.243158340454,957.897424697876,4,0,4,0,0.5,[0.6, 4.8, 3.2, 3.8, 1.4],[-3.8, -1.9, -4.7, -4.0, -1.8]
2,18,9,7104.083299636841,506.636381149292,7,0,0,2,0.6,[4.9, 1.4, 0.8, 1.6, 1.7],[-3.8, -3.4, -0.4, -2.3, -0.3]
1,17,8,2480.8602333068848,526.4816284179688,2,0,0,0,1.0,[3.1, 3.0, 1.3, 4.7, 1.4],[-3.7, -0.8, -1.8, -4.0, -4.2]
2,18,9,7979.3078899383545,504.8336982727051,7,0,0,2,0.5,[3.2, 3.7, 1.5, 4.1, 1.9],[-2.3, -0.7, -2.1, -3.5, -1.1]
1,91,45,57058.35700035095,8564.062595367432,35,3,10,8,0.0,[4.6, 4.4, 2.1, 4.9, 0.6],[-2.0, -4.7, -2.1, -4.7, -1.5]
2,42,21,21816.099882125854,2313.670873641968,17,1,2,4,0.6,[4.1, 3.4, 1.4, 2.0, 3.6],[-3.1, -4.9, -3.0, -2.2, -1.2]
2,18,9,7300.630807876587,503.45683097839355,7,0,0,2,0.3,[4.4, 4.7, 1.7, 1.3, 4.9],[-4.3, -2.6, -0.2, -0.0, -2.1]
1,31,15,4762.889862060547,2076.957941055298,4,0,4,0,0.6,[4.9, 3.1, 2.8, 2.7, 0.0],[-3.1, -2.5, -4.8, -3.2, -0.2]
2,18,9,7159.198760986328,506.941556930542,7,0,0,2,0.6,[3.4, 4.8, 3.2, 1.3, 3.5],[-3.4, -0.2, -1.1, -2.3, -0.1]
1,41,20,16008.21590423584,2207.089424133301,12,1,6,0,0.5,[4.2, 2.9, 1.8, 3.2, 2.8],[-2.7, -4.0, -2.7, -0.8, -0.6]
2,84,42,105287.65153884888,13862.352848052979,26,11,6,10,0.7,[2.8, 1.1, 2.5, 2.6, 1.4],[-0.6, -1.9, -0.0, -4.4, -1.4]
1,61,30,25549.226760864258,4350.299596786499,17,1,8,6,0.6,[2.1, 3.4, 0.1, 0.5, 2.1],[-4.4, -4.4, -3.3, -1.4, -3.5]
1,27,13,3241.462469100952,1261.627435684204,3,0,2,0,0.1,[0.4, 4.9, 4.4, 3.1, 4.7],[-4.4, -2.7, -2.7, -2.5, -4.3]
1,29,14,6222.748279571533,4321.308374404907,4,4,8,2,0.6,[0.3, 1.5, 4.0, 3.6, 2.6],[-0.1, -1.0, -2.7, -1.3, -2.3]
1,43,21,16865.61417579651,1942.6343441009521,14,0,2,2,0.2,[1.9, 2.8, 1.1, 0.9, 0.5],[-1.0, -3.4, -3.8, -0.9, -4.2]
1,39,19,14305.184364318848,2393.5372829437256,10,1,6,2,0.9,[0.1, 4.3, 4.7, 3.7, 1.0],[-0.2, -1.0, -0.5, -4.3, -1.9]
2,38,19,21246.173620224,832.4155807495117,13,0,2,4,0.1,[0.2, 1.2, 3.3, 0.4, 1.1],[-4.0, -4.5, -2.5, -0.9, -0.7]
2,58,29,35599.096059799194,5871.737718582153,19,3,0,2,0.7,[4.8, 3.5, 3.2, 3.2, 2.0],[-0.4, -2.3, -4.3, -4.1, -0.1]
1,47,23,21750.12445449829,5271.348476409912,18,4,6,6,0.8,[4.0, 1.0, 1.6, 3.1, 1.5],[-1.9, -2.6, -2.4, -2.3, -2.6]
2,38,19,18409.356594085693,960.3006839752197,14,0,0,4,0.6,[1.1, 4.6, 0.3, 1.9, 2.6],[-1.2, -0.4, -4.8, -1.7, -2.7]
1,51,25,14589.993715286255,2957.4365615844727,11,0,2,0,0.4,[2.1, 3.2, 0.4, 4.3, 3.0],[-3.6, -1.3, -0.4, -4.5, -0.8]
2,38,19,25561.572551727295,1585.162878036499,14,0,2,8,0.3,[3.4, 2.4, 3.6, 1.5, 4.6],[-0.1, -2.8, -2.4, -4.5, -1.5]
1,31,15,7890.55323600769,1437.6318454742432,8,0,6,2,0.4,[1.3, 1.7, 2.0, 1.7, 1.5],[-3.4, -1.4, -4.1, -3.3, -0.1]
1,77,38,40497.51663208008,5319.5366859436035,21,1,6,8,0.7,[1.4, 2.0, 1.0, 3.7, 1.5],[-3.0, -0.0, -2.6, -4.1, -4.5]
2,58,29,35256.56580924988,3346.782445907593,25,1,2,8,0.0,[3.0, 2.7, 1.3, 3.2, 4.4],[-1.8, -1.4, -2.4, -0.7, -1.3]
1,81,40,48769.26016807556,10548.490285873413,27,7,10,8,0.9,[3.4, 0.9, 3.5, 1.4, 0.8],[-1.7, -4.0, -1.2, -2.5, -2.5]
2,18,9,7426.749706268311,489.1834259033203,7,0,0,2,0.0,[4.1, 2.5, 0.5, 0.1, 1.0],[-3.3, -0.7, -0.2, -3.0, -3.9]
1,47,23,16622.382402420044,2834.5649242401123,14,2,2,4,0.8,[1.4, 0.8, 2.2, 4.6, 2.9],[-2.5, -4.8, -3.9, -1.1, -2.3]
2,58,29,24434.397220611572,3387.9618644714355,15,0,4,4,0.4,[0.9, 3.3, 1.7, 4.8, 2.5],[-4.6, -3.1, -1.5, -2.0, -2.6]
2,30,15,13142.02332496643,802.2189140319824,10,0,0,2,0.5,[3.9, 3.0, 0.8, 4.6, 3.3],[-4.1, -3.7, -2.8, -3.6, -3.0]
1,39,19,15666.064023971558,1694.8251724243164,10,0,2,2,0.5,[0.2, 3.0, 0.8, 0.6, 0.5],[-4.8, -3.3, -1.0, -1.8, -2.7]
1,41,20,14946.66838645935,1781.8357944488525,13,0,0,0,0.2,[4.7, 4.4, 1.3, 2.3, 4.6],[-2.8, -2.2, -4.8, -3.6, -1.0]
1,23,11,3002.2711753845215,1095.9644317626953,3,0,0,0,0.1,[4.6, 1.7, 4.6, 2.8, 4.6],[-0.6, -1.5, -0.5, -4.2, -2.0]
1,17,8,2683.734655380249,518.7299251556396,2,0,0,0,0.6,[4.9, 1.6, 4.4, 3.3, 1.9],[-4.6, -2.2, -3.5, -2.7, -3.3]
1,57,28,19213.7930393219,4120.005130767822,14,1,6,2,1.0,[0.7, 5.0, 3.3, 2.4, 1.7],[-2.3, -0.8, -2.2, -4.5, -0.8]
2,74,37,43962.75806427002,4075.8719444274902,25,2,4,8,0.4,[1.2, 4.3, 1.8, 3.1, 4.3],[-2.9, -4.6, -3.5, -4.0, -4.1]
1,17,8,2971.2624549865723,473.956823348999,3,0,0,0,0.9,[1.7, 1.2, 0.4, 2.1, 1.4],[-2.1, -1.9, -4.7, -2.7, -4.7]
2,42,21,18578.136205673218,1902.850866317749,14,0,2,6,1.0,[1.3, 3.0, 4.2, 4.9, 0.3],[-3.6, -4.1, -3.5, -4.4, -1.0]
2,18,9,7387.917995452881,492.16628074645996,7,0,0,2,0.7,[4.4, 4.6, 1.1, 3.2, 1.8],[-3.5, -3.9, -0.5, -4.4, -4.8]
2,40,20,16726.101636886597,1437.2363090515137,13,0,2,8,0.8,[4.1, 2.6, 2.3, 0.1, 4.9],[-1.4, -1.6, -1.7, -2.5, -5.0]
2,18,9,9592.620372772217,497.18189239501953,4,0,0,2,0.7,[0.5, 2.6, 1.2, 2.6, 3.2],[-4.5, -0.1, -1.9, -3.0, -1.8]
2,18,9,7307.702541351318,491.82653427124023,7,0,0,2,0.2,[4.2, 4.4, 4.3, 4.9, 4.8],[-4.1, -0.3, -1.2, -0.2, -1.8]
1,51,25,23171.27823829651,2626.4755725860596,18,0,4,6,0.3,[3.9, 1.0, 0.2, 0.5, 2.9],[-1.6, -1.6, -1.3, -0.0, -2.2]
1,27,13,11990.898847579956,1106.3239574432373,8,0,2,2,0.3,[3.2, 0.1, 0.6, 3.8, 4.0],[-0.1, -1.6, -2.3, -4.1, -3.5]
1,39,19,14615.333080291748,2127.171516418457,12,1,8,2,0.2,[4.3, 1.5, 0.3, 1.9, 0.2],[-3.8, -4.7, -3.6, -3.8, -4.9]
2,42,21,15814.516544342041,1553.0486106872559,11,0,0,8,0.5,[4.9, 3.8, 0.5, 2.6, 4.9],[-1.1, -1.3, -1.0, -3.0, -5.0]
1,17,8,2608.7183952331543,485.6550693511963,3,0,0,0,0.4,[3.2, 3.4, 0.3, 3.6, 2.9],[-3.7, -1.4, -1.8, -5.0, -2.7]
2,100,50,96619.98581886292,17949.019193649292,35,11,4,8,0.8,[4.3, 4.1, 0.9, 2.8, 1.3],[-1.1, -2.8, -2.3, -1.4, -4.0]
2,18,9,6168.128252029419,505.5248737335205,6,0,0,2,0.1,[2.9, 0.6, 3.1, 4.2, 2.6],[-3.0, -0.0, -3.7, -0.1, -1.4]
2,66,33,39008.64481925964,4073.906898498535,27,2,0,8,0.5,[2.7, 3.7, 0.1, 3.5, 4.3],[-4.2, -1.8, -1.3, -2.8, -4.1]
2,38,19,20901.194095611572,993.6425685882568,15,0,0,4,0.1,[1.5, 2.1, 0.6, 1.2, 1.8],[-1.8, -2.3, -3.6, -1.6, -4.6]
1,17,8,2412.9364490509033,477.65135765075684,2,0,0,0,0.5,[2.8, 1.8, 2.1, 2.5, 0.8],[-4.1, -3.1, -3.9, -2.1, -1.3]
1,35,17,5605.04937171936,1862.8590106964111,3,0,2,0,0.4,[3.6, 4.6, 2.9, 2.0, 4.7],[-0.9, -2.6, -0.2, -3.4, -3.6]
1,47,23,17973.804235458374,4231.472730636597,16,2,4,0,0.1,[2.1, 0.2, 3.3, 2.4, 4.8],[-4.1, -5.0, -3.6, -1.8, -2.3]
1,17,8,2322.0558166503906,482.8205108642578,1,0,0,0,0.8,[3.0, 2.9, 4.2, 0.6, 0.4],[-2.9, -3.1, -3.0, -1.4, -2.8]
1,17,8,2287.963628768921,483.64734649658203,2,0,0,0,0.8,[2.6, 2.1, 0.3, 1.3, 1.1],[-3.3, -4.8, -2.8, -2.3, -1.3]
2,18,9,6741.950511932373,516.5121555328369,6,0,0,2,0.8,[4.6, 4.3, 2.3, 2.0, 1.8],[-3.4, -2.2, -1.2, -4.7, -1.1]
1,65,32,30050.623655319214,3890.791177749634,19,0,4,6,0.0,[0.8, 2.6, 3.1, 3.7, 2.6],[-0.5, -1.7, -2.1, -3.7, -0.4]
2,18,9,6914.26944732666,493.55483055114746,6,0,0,2,0.7,[2.2, 1.6, 2.8, 1.7, 4.1],[-1.9, -1.8, -3.5, -4.7, -1.3]
1,25,12,4766.070604324341,1184.5879554748535,4,0,2,0,0.1,[1.4, 0.2, 4.7, 0.8, 2.3],[-1.0, -3.7, -0.8, -2.3, -4.4]
1,35,17,9502.85530090332,2839.7457599639893,7,1,4,4,0.9,[1.1, 3.2, 0.1, 3.3, 0.9],[-3.8, -4.8, -2.7, -3.9, -2.5]
1,85,42,45009.47070121765,12625.864267349243,28,8,6,4,0.9,[3.5, 2.8, 1.6, 3.9, 2.7],[-0.5, -4.3, -2.9, -0.4, -4.1]
1,41,20,20945.8270072937,11593.440532684326,10,6,2,0,0.4,[1.7, 0.1, 3.1, 2.2, 4.3],[-4.2, -0.4, -4.5, -1.2, -1.7]
1,37,18,7990.689754486084,2641.982078552246,7,1,4,0,0.1,[3.9, 4.3, 0.8, 1.2, 2.3],[-0.4, -1.3, -2.5, -4.9, -0.7]
1,55,27,30229.033946990967,12552.074909210205,16,8,8,6,0.5,[0.2, 4.1, 0.8, 4.4, 1.4],[-1.6, -1.7, -4.0, -2.4, -3.2]
2,64,32,22086.67230606079,6212.62264251709,14,3,6,10,0.6,[0.9, 4.7, 1.5, 4.1, 0.6],[-3.0, -4.6, -0.0, -4.3, -4.1]
1,45,22,12023.79035949707,3759.0832710266113,9,1,8,4,0.9,[0.3, 3.3, 0.6, 2.3, 1.6],[-4.6, -0.1, -1.0, -3.1, -3.7]
1,59,29,34375.77962875366,7486.672878265381,20,4,2,0,0.7,[2.2, 2.0, 4.9, 4.7, 3.5],[-3.4, -2.6, -3.6, -5.0, -1.1]
1,51,25,26417.00315475464,2652.8842449188232,20,0,4,6,0.2,[3.9, 0.8, 0.4, 0.6, 2.8],[-1.6, -3.1, -1.9, -1.3, -0.5]
1,59,29,21195.303916931152,4303.298234939575,17,1,12,8,0.9,[0.6, 4.7, 3.0, 4.6, 3.0],[-0.1, -1.6, -0.3, -3.5, -4.0]
1,39,19,20578.261852264404,2375.3914833068848,13,1,2,2,0.8,[2.1, 3.3, 1.7, 0.9, 3.7],[-2.5, -3.9, -3.0, -4.3, -2.8]
1,35,17,11485.26906967163,2664.6268367767334,12,1,2,2,0.6,[3.9, 0.4, 1.6, 3.2, 4.1],[-3.6, -1.9, -4.7, -3.6, -2.5]
1,57,28,26252.504348754883,3122.222423553467,16,0,4,4,0.2,[0.6, 4.7, 2.9, 3.6, 3.1],[-2.9, -4.0, -5.0, -3.7, -4.7]
1,57,28,19512.459754943848,3215.3732776641846,13,0,4,2,0.8,[1.3, 3.8, 4.6, 0.2, 4.7],[-4.7, -2.6, -1.4, -1.8, -3.2]
1,35,17,14114.253759384155,3713.284969329834,11,3,4,0,0.9,[1.3, 4.1, 2.4, 0.8, 1.1],[-3.1, -0.3, -3.2, -3.4, -1.0]
1,29,14,6425.213098526001,1085.0389003753662,6,0,2,2,0.8,[3.2, 2.9, 0.3, 1.8, 2.1],[-2.7, -4.5, -4.9, -4.4, -4.7]
2,44,22,12978.011131286621,2306.6577911376953,13,0,0,4,0.8,[1.8, 0.2, 4.7, 3.4, 4.5],[-3.9, -0.3, -2.6, -4.6, -3.8]
2,56,28,32864.9001121521,2599.109888076782,20,1,2,8,0.8,[4.8, 4.4, 1.3, 3.8, 4.8],[-0.9, -1.7, -0.5, -0.1, -1.7]
2,18,9,7728.198051452637,529.6773910522461,7,0,0,2,0.1,[2.1, 0.2, 4.7, 2.6, 0.7],[-2.4, -2.9, -1.0, -1.8, -0.2]
2,54,27,36220.359563827515,2240.0636672973633,24,0,2,8,1.0,[4.9, 2.5, 1.0, 0.7, 3.2],[-2.9, -1.6, -3.7, -0.1, -1.3]
1,45,22,13032.010078430176,6253.4019947052,11,4,8,2,0.6,[0.5, 0.4, 0.1, 1.5, 3.2],[-4.5, -0.1, -1.4, -1.9, -4.9]
1,43,21,14662.692546844482,2551.166296005249,12,0,10,4,0.7,[1.2, 4.6, 4.8, 0.9, 4.1],[-0.7, -0.4, -0.8, -3.3, -2.6]
1,47,23,11488.266229629517,4109.6038818359375,9,3,0,0,0.5,[2.8, 4.9, 2.4, 3.4, 3.3],[-0.1, -4.8, -3.9, -2.9, -3.5]
1,17,8,4139.258146286011,500.3836154937744,2,0,0,0,0.5,[1.2, 0.1, 1.5, 0.3, 0.3],[-1.9, -4.9, -1.5, -4.5, -1.7]
1,85,42,38155.37071228027,16111.50074005127,25,13,12,2,0.7,[1.8, 1.3, 2.7, 3.6, 3.5],[-3.2, -1.6, -0.2, -4.6, -3.9]
1,27,13,4308.321475982666,1111.964464187622,4,0,2,0,0.1,[0.3, 3.0, 4.7, 3.7, 0.2],[-3.1, -0.3, -0.5, -0.0, -1.2]
1,27,13,3499.8748302459717,2452.4271488189697,2,1,4,2,0.2,[2.4, 2.8, 2.1, 3.5, 0.5],[-4.5, -4.3, -0.8, -3.7, -1.5]
1,57,28,28131.890058517456,6320.850133895874,20,6,0,0,1.0,[0.8, 0.9, 3.1, 1.0, 2.3],[-1.7, -2.5, -4.3, -2.8, -5.0]
1,37,18,7292.041778564453,2905.9360027313232,7,1,4,0,1.0,[0.0, 2.5, 1.1, 0.0, 0.3],[-2.8, -1.0, -3.6, -0.9, -4.0]
2,46,23,25521.58546447754,3152.991771697998,19,1,4,8,0.4,[3.0, 1.8, 0.7, 3.4, 1.9],[-1.4, -3.3, -2.7, -2.6, -3.6]
2,42,21,22172.710418701172,2390.007495880127,17,1,2,4,0.5,[4.2, 0.4, 2.0, 0.2, 1.1],[-3.0, -2.9, -3.4, -0.8, -3.5]
1,53,26,22655.080795288086,4461.265802383423,17,0,6,2,0.8,[2.6, 4.6, 4.6, 2.5, 3.4],[-1.7, -2.4, -0.4, -2.3, -3.8]
1,37,18,18407.357454299927,2329.0395736694336,12,1,2,2,0.6,[2.7, 4.5, 1.6, 3.6, 3.8],[-2.2, -4.7, -3.5, -3.6, -1.0]
1,29,14,6678.9703369140625,2228.0023097991943,6,0,0,0,1.0,[1.5, 0.4, 1.5, 1.1, 0.6],[-1.1, -0.8, -1.3, -3.5, -3.2]
1,17,8,2475.5804538726807,503.74817848205566,2,0,0,0,1.0,[2.8, 3.7, 2.6, 1.0, 0.8],[-3.6, -2.9, -4.5, -4.1, -4.0]
2,56,28,34649.810791015625,5020.294189453125,20,2,4,10,0.4,[3.1, 0.4, 1.9, 2.0, 4.6],[-0.1, -4.7, -4.8, -2.2, -2.8]
1,57,28,19517.723321914673,5438.986539840698,14,2,8,0,0.5,[3.3, 1.2, 4.9, 3.0, 3.7],[-4.1, -4.8, -0.3, -2.6, -3.1]
1,43,21,8508.318185806274,3273.0026245117188,7,1,4,0,0.7,[2.8, 1.2, 3.9, 1.1, 4.8],[-1.5, -0.1, -2.8, -2.8, -1.6]
1,17,8,2901.3583660125732,465.3940200805664,3,0,0,0,0.2,[2.2, 4.3, 1.6, 2.4, 0.6],[-3.6, -1.9, -4.3, -1.2, -3.3]
2,54,27,35685.776472091675,3066.1611557006836,20,0,2,10,0.1,[3.9, 1.2, 0.7, 1.1, 3.6],[-0.8, -3.1, -4.0, -1.3, -2.0]
1,77,38,37590.55805206299,5729.9370765686035,20,2,10,4,0.2,[3.7, 0.4, 0.9, 0.9, 2.3],[-0.0, -3.6, -3.1, -1.9, -0.1]
1,29,14,7927.233695983887,3600.806951522827,6,2,6,2,0.4,[0.0, 3.5, 4.4, 0.2, 4.7],[-0.7, -3.6, -3.0, -0.8, -1.8]
1,31,15,9463.241815567017,1154.8292636871338,9,0,2,4,0.6,[4.9, 1.5, 3.7, 0.8, 4.1],[-1.1, -2.9, -2.7, -3.8, -1.7]
2,42,21,17984.471321105957,2724.0543365478516,14,0,0,2,0.9,[4.0, 3.7, 4.0, 4.4, 4.0],[-2.4, -0.3, -1.6, -1.7, -3.0]
1,27,13,7980.98087310791,732.560396194458,7,0,2,2,0.7,[0.3, 1.6, 3.1, 0.8, 1.4],[-3.1, -3.1, -3.4, -2.8, -1.2]
1,17,8,2290.0264263153076,484.28916931152344,2,0,0,0,0.8,[1.3, 1.8, 4.0, 4.4, 0.9],[-2.2, -2.7, -4.8, -4.1, -0.2]
2,68,34,40546.89621925354,4089.0145301818848,23,0,4,10,0.9,[2.1, 4.2, 3.6, 0.5, 3.9],[-4.1, -3.3, -1.4, -2.8, -3.4]
2,72,36,47926.39255523682,7503.232002258301,24,4,4,10,1.0,[1.9, 0.9, 1.8, 1.8, 0.6],[-0.5, -1.2, -4.8, -1.0, -3.3]
1,69,34,44218.1122303009,10967.544317245483,23,7,10,6,0.5,[2.5, 4.7, 2.7, 1.5, 1.0],[-4.9, -2.8, -3.5, -2.7, -1.7]
1,17,8,2485.2898120880127,529.7656059265137,2,0,0,0,0.2,[3.2, 4.7, 4.4, 2.7, 1.5],[-3.2, -4.4, -0.0, -4.7, -1.1]
1,49,24,22944.629907608032,2076.023578643799,14,0,4,4,1.0,[1.5, 2.0, 2.4, 1.5, 1.8],[-1.6, -0.2, -3.5, -2.9, -1.8]
1,55,27,26085.069179534912,3812.0334148406982,17,1,6,8,0.7,[4.4, 3.1, 2.5, 4.5, 1.0],[-0.6, -0.9, -4.6, -4.3, -0.1]
1,45,22,18933.984518051147,1600.1989841461182,15,0,2,0,0.7,[2.3, 1.5, 2.6, 2.8, 3.5],[-2.2, -4.1, -3.5, -1.8, -3.4]
2,18,9,8135.763168334961,483.02245140075684,6,0,0,2,0.3,[0.5, 4.9, 3.7, 0.2, 3.8],[-1.1, -4.3, -0.7, -3.1, -0.9]
2,78,39,41089.09368515015,8849.218130111694,23,6,8,8,0.2,[4.9, 3.2, 0.9, 3.8, 3.3],[-0.0, -0.2, -0.1, -0.9, -3.9]
1,39,19,13004.35495376587,2796.7653274536133,11,1,4,0,0.4,[2.4, 2.4, 1.1, 1.5, 3.4],[-0.3, -0.6, -2.2, -3.6, -3.8]
1,41,20,11339.23602104187,2375.2851486206055,11,0,2,4,0.3,[4.2, 1.7, 4.9, 3.0, 2.8],[-2.0, -2.4, -1.5, -5.0, -3.1]
1,17,8,2773.967981338501,515.6569480895996,3,0,0,0,0.6,[2.1, 3.2, 0.8, 0.3, 1.2],[-2.9, -1.3, -4.6, -1.1, -4.5]
1,35,17,16622.34354019165,2738.3196353912354,10,1,6,0,0.6,[1.8, 2.9, 0.7, 0.3, 0.2],[-0.6, -3.9, -3.8, -0.0, -4.6]
1,61,30,18295.777559280396,6010.844945907593,10,1,12,4,0.1,[0.3, 3.9, 1.7, 2.4, 4.5],[-3.2, -4.5, -1.9, -1.7, -4.1]
1,51,25,15972.424030303955,2998.1117248535156,13,0,2,0,0.8,[2.9, 0.7, 4.2, 0.5, 4.1],[-4.9, -3.3, -4.2, -4.3, -5.0]
1,21,10,3753.1471252441406,953.3143043518066,4,0,2,0,0.7,[4.3, 4.9, 0.6, 2.2, 3.0],[-2.1, -3.3, -3.3, -4.1, -4.0]
2,36,18,20376.64270401001,1644.1755294799805,13,0,2,6,0.5,[4.5, 1.9, 3.5, 0.9, 2.8],[-1.4, -2.8, -4.2, -2.6, -1.9]
2,50,25,25912.262678146362,2873.229742050171,16,0,0,4,0.3,[4.1, 2.7, 2.2, 1.1, 0.1],[-0.5, -1.7, -2.7, -3.5, -0.1]
2,54,27,33801.180839538574,4099.72882270813,18,3,0,8,0.6,[3.8, 4.9, 2.9, 4.2, 2.5],[-2.4, -2.6, -3.3, -0.8, -0.6]
1,35,17,12650.047779083252,1091.130256652832,10,0,2,4,0.3,[1.6, 2.8, 0.1, 0.9, 0.7],[-4.7, -4.2, -4.2, -1.3, -0.8]
1,45,22,8463.277578353882,2994.018077850342,6,0,2,0,0.3,[2.5, 1.8, 4.8, 3.7, 3.7],[-1.6, -1.3, -1.5, -3.6, -3.8]
2,18,9,7405.994653701782,495.2254295349121,7,0,0,2,0.7,[3.4, 2.4, 4.6, 1.8, 3.7],[-3.8, -0.2, -1.5, -2.3, -1.5]
1,31,15,9785.056352615356,1718.1992530822754,7,0,2,0,0.3,[2.8, 3.8, 3.0, 3.3, 3.4],[-1.8, -4.3, -4.5, -3.9, -4.9]
2,18,9,7026.984691619873,504.223108291626,8,0,0,2,0.9,[4.5, 4.0, 2.9, 2.3, 1.2],[-3.4, -4.0, -2.5, -0.1, -0.1]
2,70,35,31438.802480697632,4965.369462966919,23,0,4,10,0.4,[4.3, 5.0, 3.4, 3.7, 4.6],[-0.5, -1.5, -0.5, -3.1, -3.0]
2,18,9,6901.293992996216,506.44922256469727,7,0,0,2,0.1,[3.2, 1.8, 1.2, 0.9, 4.2],[-2.7, -2.8, -1.6, -1.0, -3.6]
1,73,36,91135.84733009338,9261.50918006897,28,8,8,8,0.3,[2.1, 4.0, 4.5, 4.3, 2.0],[-0.0, -0.5, -0.1, -0.8, -1.7]
1,71,35,40007.65514373779,9958.147525787354,21,5,10,8,0.7,[5.0, 2.8, 3.1, 1.2, 4.3],[-2.0, -4.7, -4.7, -0.2, -0.6]
1,49,24,10651.878118515015,10316.27345085144,6,8,8,2,0.4,[0.3, 0.8, 4.1, 2.1, 3.0],[-4.2, -3.0, -3.8, -4.6, -2.9]
2,54,27,21757.953882217407,2817.1300888061523,14,0,2,4,0.8,[1.0, 0.4, 3.2, 1.2, 2.9],[-3.4, -0.2, -2.9, -2.2, -2.2]
2,42,21,19638.984203338623,2611.058473587036,17,2,2,4,0.3,[3.3, 2.1, 0.0, 2.8, 1.4],[-2.2, -0.6, -0.3, -1.8, -0.9]
2,18,9,7364.19677734375,488.53135108947754,7,0,0,2,0.6,[3.9, 0.2, 2.6, 0.5, 1.8],[-3.2, -4.8, -1.3, -1.5, -4.1]
2,52,26,28968.315362930298,2572.420597076416,18,0,0,4,0.5,[3.7, 1.3, 3.8, 2.3, 2.4],[-0.4, -0.6, -1.9, -1.0, -0.8]
1,29,14,7168.851375579834,2768.5182094573975,6,2,2,0,0.6,[3.2, 1.3, 4.5, 3.5, 2.2],[-0.4, -1.6, -4.9, -0.4, -4.4]
1,37,18,11988.587856292725,1671.3128089904785,11,0,2,2,0.1,[1.0, 3.3, 0.5, 4.8, 4.3],[-4.0, -3.9, -2.1, -2.2, -1.0]
2,68,34,53368.05772781372,5033.058881759644,28,3,2,10,0.9,[0.6, 0.1, 2.7, 4.4, 4.8],[-2.8, -0.1, -1.4, -1.8, -0.6]
1,67,33,43028.409004211426,3708.7674140930176,23,1,4,4,0.5,[4.9, 1.6, 4.1, 1.2, 3.5],[-1.6, -1.3, -0.2, -0.2, -4.2]
2,42,21,21638.350248336792,1513.8165950775146,13,0,2,6,0.0,[3.4, 0.5, 2.0, 2.0, 1.1],[-3.0, -1.6, -2.8, -0.1, -4.8]
1,27,13,6205.292463302612,1859.6057891845703,5,0,2,0,0.5,[4.9, 0.1, 2.7, 3.5, 2.7],[-1.1, -4.5, -0.9, -2.5, -2.6]
1,29,14,5475.174903869629,3826.748847961426,5,2,4,0,0.7,[0.3, 2.7, 5.0, 4.1, 3.7],[-0.7, -1.5, -4.2, -0.3, -0.1]
2,48,24,21736.674070358276,1915.7869815826416,14,0,0,4,0.9,[2.3, 1.4, 4.3, 4.2, 0.2],[-1.3, -2.6, -4.9, -2.1, -5.0]
2,98,49,70379.39929962158,11210.280418395996,38,7,6,10,0.2,[1.8, 2.7, 2.0, 4.1, 1.4],[-0.5, -0.5, -2.0, -2.2, -1.9]
1,61,30,14105.208158493042,19191.20717048645,12,13,10,0,0.1,[0.1, 3.5, 0.3, 0.5, 2.3],[-0.7, -1.3, -2.9, -1.8, -1.8]
1,37,18,16346.081733703613,7027.534008026123,12,3,6,0,0.7,[2.4, 2.3, 2.8, 4.0, 3.7],[-4.0, -2.9, -4.0, -2.5, -2.8]
1,27,13,6561.11741065979,1838.3593559265137,5,0,2,0,0.4,[3.8, 4.7, 4.3, 2.4, 1.0],[-0.8, -2.6, -3.3, -4.5, -1.3]
1,39,19,8877.143859863281,1162.7776622772217,8,0,0,0,0.3,[2.6, 3.4, 3.5, 2.8, 4.5],[-4.3, -1.5, -2.4, -2.9, -0.9]
1,49,24,26029.76703643799,2535.6838703155518,17,1,2,2,0.8,[1.9, 1.7, 4.2, 1.6, 4.8],[-0.1, -1.9, -3.3, -1.7, -4.6]
2,68,34,48109.02500152588,8761.86227798462,17,5,8,8,0.4,[3.6, 2.6, 2.0, 1.4, 4.0],[-1.5, -3.8, -0.8, -2.6, -4.4]
2,30,15,13796.63372039795,790.2450561523438,10,0,0,2,0.5,[2.0, 2.9, 2.2, 4.4, 0.3],[-2.5, -0.9, -3.4, -0.8, -1.5]
1,29,14,8934.736251831055,2639.940023422241,7,1,2,2,0.6,[1.2, 3.2, 4.2, 4.2, 1.1],[-0.4, -4.0, -3.5, -0.8, -4.9]
1,57,28,19542.094945907593,4343.401908874512,14,1,6,2,0.2,[1.0, 4.8, 3.4, 3.8, 3.6],[-3.2, -3.8, -2.7, -3.5, -1.9]
2,54,27,18509.16886329651,2787.7955436706543,13,0,2,4,0.7,[1.7, 3.3, 1.2, 1.6, 4.3],[-5.0, -4.6, -0.9, -0.9, -3.2]
2,44,22,20495.381593704224,1328.0296325683594,13,0,2,4,0.8,[3.8, 2.6, 4.5, 4.9, 3.8],[-0.5, -4.6, -0.6, -1.3, -2.6]
1,69,34,40770.86329460144,9344.075918197632,25,5,4,6,0.8,[4.3, 1.7, 3.4, 2.5, 2.7],[-2.0, -0.1, -0.7, -4.9, -1.6]
1,17,8,2713.595390319824,491.5902614593506,2,0,0,0,0.3,[3.4, 0.5, 4.5, 4.9, 2.5],[-3.8, -0.6, -1.8, -0.6, -4.6]
2,54,27,22175.415754318237,3518.5482501983643,15,1,8,10,0.2,[0.6, 3.9, 3.6, 4.6, 3.2],[-2.9, -1.4, -4.4, -1.5, -4.1]
2,44,22,22793.818950653076,2267.664909362793,14,0,2,8,0.9,[3.3, 0.2, 2.3, 0.3, 4.9],[-2.3, -0.8, -2.9, -0.4, -0.2]
1,43,21,15062.240839004517,2998.046398162842,8,0,8,2,0.8,[0.3, 2.5, 1.7, 2.3, 2.8],[-4.9, -1.7, -3.9, -4.5, -1.4]
2,72,36,31606.839895248413,2578.529119491577,23,0,6,10,0.5,[3.1, 1.2, 1.1, 4.2, 4.9],[-4.0, -0.5, -4.9, -0.2, -2.0]
1,27,13,4961.237907409668,1067.4607753753662,5,0,4,0,0.6,[0.8, 0.9, 4.8, 0.3, 1.8],[-4.0, -4.5, -4.0, -2.3, -4.8]
1,99,49,57176.846504211426,28937.177181243896,32,21,6,4,0.0,[0.5, 4.7, 3.4, 2.0, 4.4],[-3.8, -4.8, -3.3, -0.5, -0.2]
1,17,8,3172.8200912475586,472.8066921234131,4,0,0,0,0.6,[1.4, 1.8, 3.1, 4.1, 1.1],[-1.9, -1.3, -0.7, -2.8, -3.3]
2,30,15,14444.377422332764,817.7905082702637,9,0,0,2,0.8,[2.4, 1.2, 1.5, 3.3, 2.9],[-2.4, -3.2, -4.6, -3.2, -2.3]
2,68,34,28840.704917907715,3224.7917652130127,20,0,4,10,0.3,[3.3, 3.6, 1.8, 3.4, 4.4],[-4.6, -2.3, -2.4, -0.5, -4.7]
1,65,32,30062.545776367188,6009.2175006866455,21,2,6,6,0.7,[4.7, 4.3, 1.2, 1.5, 4.6],[-2.4, -0.7, -1.9, -4.4, -1.8]
1,25,12,6271.06785774231,1034.0306758880615,4,0,2,0,0.5,[0.6, 2.0, 0.1, 0.3, 2.9],[-1.7, -2.8, -3.3, -0.3, -4.8]
2,18,9,7385.051250457764,456.57825469970703,6,0,0,2,0.7,[0.4, 1.7, 2.7, 2.6, 2.2],[-1.0, -1.5, -4.5, -1.2, -4.7]
1,53,26,34646.0337638855,4472.301959991455,20,1,10,4,0.8,[0.4, 1.3, 3.4, 2.7, 0.9],[-2.7, -0.4, -0.1, -4.7, -3.6]
2,62,31,27216.654539108276,3981.923818588257,17,1,0,4,0.4,[1.1, 2.8, 3.0, 2.7, 1.3],[-0.2, -3.9, -2.8, -0.1, -5.0]
1,25,12,5510.833978652954,1385.8284950256348,5,0,4,0,0.9,[3.9, 2.1, 1.7, 3.8, 2.7],[-1.8, -1.6, -4.9, -0.2, -4.6]
1,33,16,8933.552980422974,1468.151569366455,8,0,2,2,0.6,[1.7, 3.7, 3.3, 1.4, 3.3],[-1.1, -2.6, -3.2, -3.4, -3.4]
2,44,22,12529.54912185669,2345.5944061279297,11,0,0,4,0.1,[0.9, 1.2, 4.0, 4.6, 1.8],[-2.6, -1.2, -1.6, -4.6, -0.4]
2,42,21,12763.7197971344,1998.0230331420898,10,0,2,2,0.7,[0.9, 4.5, 3.4, 2.9, 0.4],[-3.7, -2.1, -0.2, -3.6, -4.2]
1,37,18,15423.906564712524,2401.4809131622314,11,1,2,2,0.4,[1.9, 3.8, 0.5, 1.0, 2.9],[-1.3, -2.1, -4.9, -2.9, -3.7]
1,37,18,8579.587936401367,2099.7676849365234,8,0,4,2,0.5,[1.7, 2.2, 3.4, 2.9, 1.4],[-1.1, -1.8, -0.3, -1.3, -2.8]
1,57,28,24946.1088180542,5759.435653686523,19,3,6,4,0.7,[1.9, 2.9, 4.9, 3.0, 1.0],[-3.7, -2.2, -4.4, -4.8, -2.0]
1,53,26,23113.70325088501,5215.768575668335,16,2,4,2,0.0,[4.5, 0.7, 2.0, 4.3, 1.8],[-1.6, -1.1, -2.1, -2.8, -2.3]
2,54,27,27777.16565132141,1983.2639694213867,19,1,0,6,0.4,[5.0, 0.2, 4.6, 2.5, 4.0],[-1.9, -1.2, -2.9, -2.5, -3.3]
2,34,17,11111.987352371216,1033.5032939910889,9,0,0,2,0.5,[1.3, 0.4, 1.3, 3.0, 0.8],[-2.7, -5.0, -3.4, -1.4, -0.5]
1,33,16,8173.662900924683,1423.546552658081,7,0,2,2,0.3,[2.1, 4.0, 3.9, 2.3, 4.9],[-1.3, -3.8, -3.5, -1.1, -4.8]
1,39,19,17448.36688041687,4531.142711639404,13,2,8,2,0.0,[0.6, 2.3, 1.3, 3.8, 2.1],[-4.7, -1.6, -4.3, -3.6, -1.3]
1,23,11,3082.7558040618896,1032.6814651489258,2,0,0,0,0.2,[4.4, 4.1, 2.8, 3.3, 3.7],[-0.3, -0.7, -1.1, -0.9, -1.5]
2,46,23,31596.375942230225,2755.650281906128,18,0,2,6,0.1,[2.6, 2.9, 1.4, 1.4, 2.7],[-2.6, -1.6, -2.9, -1.3, -4.5]
1,31,15,9289.810419082642,1842.6032066345215,8,1,2,4,0.5,[0.2, 1.5, 0.3, 1.7, 1.9],[-1.0, -1.0, -0.3, -1.7, -0.8]
2,60,30,34162.294149398804,4578.880310058594,22,0,2,10,0.0,[4.4, 0.4, 0.6, 2.9, 3.0],[-2.1, -0.8, -1.7, -2.2, -1.2]
2,26,13,9163.591861724854,771.4428901672363,9,0,0,2,0.6,[1.1, 3.1, 0.7, 4.2, 3.8],[-3.2, -0.5, -3.7, -0.4, -1.3]
2,42,21,21228.68299484253,2374.5181560516357,17,1,2,4,0.1,[3.5, 0.9, 1.1, 4.7, 4.5],[-2.5, -1.5, -2.7, -4.2, -2.6]
2,36,18,20083.587408065796,1754.8205852508545,11,0,4,8,0.6,[4.3, 3.8, 2.1, 3.5, 3.0],[-2.9, -4.8, -0.0, -0.6, -4.7]
1,29,14,5111.568450927734,2027.4102687835693,6,0,2,0,0.1,[4.7, 1.6, 4.9, 0.2, 1.8],[-0.7, -1.0, -2.2, -1.2, -0.5]
1,89,44,31673.055171966553,6755.231618881226,25,3,8,8,0.3,[4.5, 0.1, 0.9, 1.2, 2.1],[-1.6, -1.7, -1.1, -1.5, -1.4]
2,42,21,21546.558141708374,1534.7309112548828,14,0,2,8,0.2,[1.3, 3.1, 3.6, 3.4, 1.2],[-0.1, -3.1, -2.7, -1.1, -0.4]
1,53,26,27158.174991607666,3507.8535079956055,16,1,2,2,0.6,[4.5, 2.5, 2.7, 4.9, 1.8],[-0.3, -1.8, -3.0, -1.6, -4.2]
1,27,13,10313.78149986267,797.0635890960693,6,0,2,2,0.2,[0.9, 1.7, 0.9, 3.2, 3.7],[-3.2, -1.6, -1.0, -1.8, -4.0]
2,52,26,20607.11145401001,2835.1974487304688,15,0,0,4,0.8,[2.3, 3.1, 2.9, 4.9, 2.2],[-4.9, -0.6, -3.6, -2.0, -0.6]
2,18,9,8011.545419692993,480.47542572021484,7,0,0,2,0.1,[2.9, 3.1, 0.4, 3.8, 0.8],[-2.1, -1.9, -0.7, -0.5, -1.7]
1,69,34,21748.19326400757,7869.517803192139,17,5,12,8,0.8,[1.2, 2.7, 1.0, 3.1, 2.6],[-0.7, -1.5, -1.7, -4.2, -0.8]
1,27,13,4507.9710483551025,1130.587100982666,4,0,2,0,0.8,[0.5, 0.4, 0.3, 1.2, 1.3],[-4.8, -2.3, -0.2, -5.0, -2.0]
1,39,19,11352.979898452759,1220.0438976287842,12,0,0,0,0.9,[2.3, 2.0, 4.1, 2.7, 3.6],[-4.0, -1.7, -4.9, -0.1, -4.6]
